Workbook

Sheet คู่มือ
A1: ฐานข้อมูล ITWUH KPI Tracker
A3: โครงสร้างตาราง
A4: kpi_master: ตัวชี้วัดหลัก 1 แถวต่อ 1 KPI (ตารางแม่)
A5: kpi_owners: ผู้รับผิดชอบ 1 แถวต่อ 1 คนต่อ 1 KPI (เชื่อมด้วย kpi_id)
A6: monthly_entries: ผลการดำเนินงานรายเดือน 1 แถวต่อ 1 KPI ต่อ 1 เดือน (เชื่อมด้วย kpi_id และ month_key)
A7: fiscal_months: ปฏิทินปีงบประมาณ ต.ค.–ก.ย. (ปี 2569 และ 2570)
A8: ref_group, ref_status, ref_metric_type, ref_target_direction: ตารางรหัสอ้างอิงสำหรับ dropdown
A9: summary: สรุปผลด้วยสูตร เลือกปีงบประมาณที่ช่อง C3
A10: data_dictionary: คำอธิบายทุกคอลัมน์
A12: ความสัมพันธ์
A13: kpi_master (1) ──< kpi_owners (หลาย) kpi_master (1) ──< monthly_entries (หลาย) fiscal_months (1) ──< monthly_entries (หลาย)
A15: วิธีใช้งาน
... A24: แถวสีเทาตัวเอียงใน monthly_entries = แถวตัวอย่าง ลบได้เมื่อเริ่มกรอกจริง

Sheet summary
A1: สรุป KPI แผนกสารสนเทศ ตามปีงบประมาณ
A3: ปีงบประมาณ | C3: 2569 | D3: ช่องสีเหลืองตัวอักษรสีน้ำเงิน = ช่องที่เปลี่ยนได้ (เลือกปีงบประมาณ) ช่องอื่นเป็นสูตรทั้งหมด
A5: ภาพรวม | C5: ค่า | E5: สถานะล่าสุด | F5: จำนวน KPI | H5: ส่วน | I5: จำนวน KPI
A6: KPI ที่ใช้งานอยู่ | C6: =COUNTIF($G$16:$G$75,TRUE) | E6: =ref_status!B2 | F6: =COUNTIFS($K$16:$K$75,ref_status!A2,$G$16:$G$75,TRUE) | H6: =ref_group!B2 | I6: =COUNTIFS($B$16:$B$75,ref_group!A2,$G$16:$G$75,TRUE)
A7: ช่องที่ต้องรายงาน (KPI ที่มีตัวชี้วัด × 12 เดือน) | C7: =COUNTIFS($G$16:$G$75,TRUE,$D$16:$D$75,"?*")*12 | E7: =ref_status!B3 | F7: =COUNTIFS($K$16:$K$75,ref_status!A3,$G$16:$G$75,TRUE) | H7: =ref_group!B3 | I7: =COUNTIFS($B$16:$B$75,ref_group!A3,$G$16:$G$75,TRUE)
A8: ช่องที่รายงานแล้ว | C8: =SUMIFS($H$16:$H$75,$G$16:$G$75,TRUE,$D$16:$D$75,"?*") | E8: =ref_status!B4 | F8: =COUNTIFS($K$16:$K$75,ref_status!A4,$G$16:$G$75,TRUE) | H8: =ref_group!B4 | I8: =COUNTIFS($B$16:$B$75,ref_group!A4,$G$16:$G$75,TRUE)
A9: ความคืบหน้าการรายงาน | C9: =IF(C7=0,0,C8/C7) | E9: =ref_status!B5 | F9: =COUNTIFS($K$16:$K$75,ref_status!A5,$G$16:$G$75,TRUE) | H9: รวม | I9: =SUM(I6:I8)
E10: รวม | F10: =SUM(F6:F9)
A13: รายละเอียดราย KPI (ดึงจาก kpi_master แถวละ 1 ตัว รองรับ 60 ตัว)
A15: kpi_id | B15: group_code | C15: task_name | D15: kpi_name | E15: owner_text | F15: metric_type | G15: is_active | H15: reported_months | I15: latest_month_no | J15: latest_month_key | K15: latest_status_code | L15: latest_status | M15: latest_actual | N15: cumulative_count | O15: target_num | P15: target_direction | Q15: target_result
A16: =IF(kpi_master!A2="","",kpi_master!A2) | B16: =IF($A16="","",kpi_master!C2&"") | C16: =IF($A16="","",kpi_master!F2&"") | D16: =IF($A16="","",kpi_master!G2&"") | E16: =IF($A16="","",kpi_master!E2&"") | F16: =IF($A16="","",kpi_master!H2&"") | G16: =IF($A16="","",kpi_master!N2) | H16: =IF($A16="","",COUNTIFS(monthly_entries!$B:$B,$A16,monthly_entries!$C:$C,$C$3,monthly_entries!$G:$G,"<>not_started")) | I16: =IF($A16="","",_xlfn.MAXIFS(monthly_entries!$E:$E,monthly_entries!$B:$B,$A16,monthly_entries!$C:$C,$C$3)) | J16: =IF(OR($A16="",$I16=0),"",INDEX(fiscal_months!$D:$D,MATCH($C$3&"|"&TEXT($I16,"00"),fiscal_months!$A:$A,0))) | K16: =IF($A16="","",IF($I16=0,"not_started",INDEX(monthly_entries!$G:$G,MATCH($A16&"__"&$J16,monthly_entries!$A:$A,0)))) | L16: =IF($A16="","",INDEX(ref_status!$B:$B,MATCH($K16,ref_status!$A:$A,0))) | M16: =IF(OR($A16="",$I16=0),"",INDEX(monthly_entries!$H:$H,MATCH($A16&"__"&$J16,monthly_entries!$A:$A,0))&"") | N16: =IF($A16="","",IF($F16="count",SUMIFS(monthly_entries!$I:$I,monthly_entries!$B:$B,$A16,monthly_entries!$C:$C,$C$3),"")) | O16: =IF($A16="","",kpi_master!J2&"") | P16: =IF($A16="","",kpi_master!L2&"") | Q16: =IF(OR($A16="",$F16<>"count",$O16=""),"",IF($P16="lte",IF($N16<=VALUE($O16),"ผ่าน","ไม่ผ่าน"),IF($N16>=VALUE($O16),"ผ่าน","ยังไม่ถึงเป้า")))
A17: =IF(kpi_master!A3="","",kpi_master!A3) | B17: =IF($A17="","",kpi_master!C3&"") | C17: =IF($A17="","",kpi_master!F3&"") | D17: =IF($A17="","",kpi_master!G3&"") | E17: =IF($A17="","",kpi_master!E3&"") | F17: =IF($A17="","",kpi_master!H3&"") | G17: =IF($A17="","",kpi_master!N3) | H17: =IF($A17="","",COUNTIFS(monthly_entries!$B:$B,$A17,monthly_entries!$C:$C,$C$3,monthly_entries!$G:$G,"<>not_started")) | I17: =IF($A17="","",_xlfn.MAXIFS(monthly_entries!$E:$E,monthly_entries!$B:$B,$A17,monthly_entries!$C:$C,$C$3)) | J17: =IF(OR($A17="",$I17=0),"",INDEX(fiscal_months!$D:$D,MATCH($C$3&"|"&TEXT($I17,"00"),fiscal_months!$A:$A,0))) | K17: =IF($A17="","",IF($I17=0,"not_started",INDEX(monthly_entries!$G:$G,MATCH($A17&"__"&$J17,monthly_entries!$A:$A,0)))) | L17: =IF($A17="","",INDEX(ref_status!$B:$B,MATCH($K17,ref_status!$A:$A,0))) | M17: =IF(OR($A17="",$I17=0),"",INDEX(monthly_entries!$H:$H,MATCH($A17&"__"&$J17,monthly_entries!$A:$A,0))&"") | N17: =IF($A17="","",IF($F17="count",SUMIFS(monthly_entries!$I:$I,monthly_entries!$B:$B,$A17,monthly_entries!$C:$C,$C$3),"")) | O17: =IF($A17="","",kpi_master!J3&"") | P17: =IF($A17="","",kpi_master!L3&"") | Q17: =IF(OR($A17="",$F17<>"count",$O17=""),"",IF($P17="lte",IF($N17<=VALUE($O17),"ผ่าน","ไม่ผ่าน"),IF($N17>=VALUE($O17),"ผ่าน","ยังไม่ถึงเป้า")))
A18: =IF(kpi_master!A4="","",kpi_master!A4) | B18: =IF($A18="","",kpi_master!C4&"") | C18: =IF($A18="","",kpi_master!F4&"") | D18: =IF($A18="","",kpi_master!G4&"") | E18: =IF($A18="","",kpi_master!E4&"") | F18: =IF($A18="","",kpi_master!H4&"") | G18: =IF($A18="","",kpi_master!N4) | H18: =IF($A18="","",COUNTIFS(monthly_entries!$B:$B,$A18,monthly_entries!$C:$C,$C$3,monthly_entries!$G:$G,"<>not_started")) | I18: =IF($A18="","",_xlfn.MAXIFS(monthly_entries!$E:$E,monthly_entries!$B:$B,$A18,monthly_entries!$C:$C,$C$3)) | J18: =IF(OR($A18="",$I18=0),"",INDEX(fiscal_months!$D:$D,MATCH($C$3&"|"&TEXT($I18,"00"),fiscal_months!$A:$A,0))) | K18: =IF($A18="","",IF($I18=0,"not_started",INDEX(monthly_entries!$G:$G,MATCH($A18&"__"&$J18,monthly_entries!$A:$A,0)))) | L18: =IF($A18="","",INDEX(ref_status!$B:$B,MATCH($K18,ref_status!$A:$A,0))) | M18: =IF(OR($A18="",$I18=0),"",INDEX(monthly_entries!$H:$H,MATCH($A18&"__"&$J18,monthly_entries!$A:$A,0))&"") | N18: =IF($A18="","",IF($F18="count",SUMIFS(monthly_entries!$I:$I,monthly_entries!$B:$B,$A18,monthly_entries!$C:$C,$C$3),"")) | O18: =IF($A18="","",kpi_master!J4&"") | P18: =IF($A18="","",kpi_master!L4&"") | Q18: =IF(OR($A18="",$F18<>"count",$O18=""),"",IF($P18="lte",IF($N18<=VALUE($O18),"ผ่าน","ไม่ผ่าน"),IF($N18>=VALUE($O18),"ผ่าน","ยังไม่ถึงเป้า")))
A19: =IF(kpi_master!A5="","",kpi_master!A5) | B19: =IF($A19="","",kpi_master!C5&"") | C19: =IF($A19="","",kpi_master!F5&"") | D19: =IF($A19="","",kpi_master!G5&"") | E19: =IF($A19="","",kpi_master!E5&"") | F19: =IF($A19="","",kpi_master!H5&"") | G19: =IF($A19="","",kpi_master!N5) | H19: =IF($A19="","",COUNTIFS(monthly_entries!$B:$B,$A19,monthly_entries!$C:$C,$C$3,monthly_entries!$G:$G,"<>not_started")) | I19: =IF($A19="","",_xlfn.MAXIFS(monthly_entries!$E:$E,monthly_entries!$B:$B,$A19,monthly_entries!$C:$C,$C$3)) | J19: =IF(OR($A19="",$I19=0),"",INDEX(fiscal_months!$D:$D,MATCH($C$3&"|"&TEXT($I19,"00"),fiscal_months!$A:$A,0))) | K19: =IF($A19="","",IF($I19=0,"not_started",INDEX(monthly_entries!$G:$G,MATCH($A19&"__"&$J19,monthly_entries!$A:$A,0)))) | L19: =IF($A19="","",INDEX(ref_status!$B:$B,MATCH($K19,ref_status!$A:$A,0))) | M19: =IF(OR($A19="",$I19=0),"",INDEX(monthly_entries!$H:$H,MATCH($A19&"__"&$J19,monthly_entries!$A:$A,0))&"") | N19: =IF($A19="","",IF($F19="count",SUMIFS(monthly_entries!$I:$I,monthly_entries!$B:$B,$A19,monthly_entries!$C:$C,$C$3),"")) | O19: =IF($A19="","",kpi_master!J5&"") | P19: =IF($A19="","",kpi_master!L5&"") | Q19: =IF(OR($A19="",$F19<>"count",$O19=""),"",IF($P19="lte",IF($N19<=VALUE($O19),"ผ่าน","ไม่ผ่าน"),IF($N19>=VALUE($O19),"ผ่าน","ยังไม่ถึงเป้า")))
A20: =IF(kpi_master!A6="","",kpi_master!A6) | B20: =IF($A20="","",kpi_master!C6&"") | C20: =IF($A20="","",kpi_master!F6&"") | D20: =IF($A20="","",kpi_master!G6&"") | E20: =IF($A20="","",kpi_master!E6&"") | F20: =IF($A20="","",kpi_master!H6&"") | G20: =IF($A20="","",kpi_master!N6) | H20: =IF($A20="","",COUNTIFS(monthly_entries!$B:$B,$A20,monthly_entries!$C:$C,$C$3,monthly_entries!$G:$G,"<>not_started")) | I20: =IF($A20="","",_xlfn.MAXIFS(monthly_entries!$E:$E,monthly_entries!$B:$B,$A20,monthly_entries!$C:$C,$C$3)) | J20: =IF(OR($A20="",$I20=0),"",INDEX(fiscal_months!$D:$D,MATCH($C$3&"|"&TEXT($I20,"00"),fiscal_months!$A:$A,0))) | K20: =IF($A20="","",IF($I20=0,"not_started",INDEX(monthly_entries!$G:$G,MATCH($A20&"__"&$J20,monthly_entries!$A:$A,0)))) | L20: =IF($A20="","",INDEX(ref_status!$B:$B,MATCH($K20,ref_status!$A:$A,0))) | M20: =IF(OR($A20="",$I20=0),"",INDEX(monthly_entries!$H:$H,MATCH($A20&"__"&$J20,monthly_entries!$A:$A,0))&"") | N20: =IF($A20="","",IF($F20="count",SUMIFS(monthly_entries!$I:$I,monthly_entries!$B:$B,$A20,monthly_entries!$C:$C,$C$3),"")) | O20: =IF($A20="","",kpi_master!J6&"") | P20: =IF($A20="","",kpi_master!L6&"") | Q20: =IF(OR($A20="",$F20<>"count",$O20=""),"",IF($P20="lte",IF($N20<=VALUE($O20),"ผ่าน","ไม่ผ่าน"),IF($N20>=VALUE($O20),"ผ่าน","ยังไม่ถึงเป้า")))
A21: =IF(kpi_master!A7="","",kpi_master!A7) | B21: =IF($A21="","",kpi_master!C7&"") | C21: =IF($A21="","",kpi_master!F7&"") | D21: =IF($A21="","",kpi_master!G7&"") | E21: =IF($A21="","",kpi_master!E7&"") | F21: =IF($A21="","",kpi_master!H7&"") | G21: =IF($A21="","",kpi_master!N7) | H21: =IF($A21="","",COUNTIFS(monthly_entries!$B:$B,$A21,monthly_entries!$C:$C,$C$3,monthly_entries!$G:$G,"<>not_started")) | I21: =IF($A21="","",_xlfn.MAXIFS(monthly_entries!$E:$E,monthly_entries!$B:$B,$A21,monthly_entries!$C:$C,$C$3)) | J21: =IF(OR($A21="",$I21=0),"",INDEX(fiscal_months!$D:$D,MATCH($C$3&"|"&TEXT($I21,"00"),fiscal_months!$A:$A,0))) | K21: =IF($A21="","",IF($I21=0,"not_started",INDEX(monthly_entries!$G:$G,MATCH($A21&"__"&$J21,monthly_entries!$A:$A,0)))) | L21: =IF($A21="","",INDEX(ref_status!$B:$B,MATCH($K21,ref_status!$A:$A,0))) | M21: =IF(OR($A21="",$I21=0),"",INDEX(monthly_entries!$H:$H,MATCH($A21&"__"&$J21,monthly_entries!$A:$A,0))&"") | N21: =IF($A21="","",IF($F21="count",SUMIFS(monthly_entries!$I:$I,monthly_entries!$B:$B,$A21,monthly_entries!$C:$C,$C$3),"")) | O21: =IF($A21="","",kpi_master!J7&"") | P21: =IF($A21="","",kpi_master!L7&"") | Q21: =IF(OR($A21="",$F21<>"count",$O21=""),"",IF($P21="lte",IF($N21<=VALUE($O21),"ผ่าน","ไม่ผ่าน"),IF($N21>=VALUE($O21),"ผ่าน","ยังไม่ถึงเป้า")))
A22: =IF(kpi_master!A8="","",kpi_master!A8) | B22: =IF($A22="","",kpi_master!C8&"") | C22: =IF($A22="","",kpi_master!F8&"") | D22: =IF($A22="","",kpi_master!G8&"") | E22: =IF($A22="","",kpi_master!E8&"") | F22: =IF($A22="","",kpi_master!H8&"") | G22: =IF($A22="","",kpi_master!N8) | H22: =IF($A22="","",COUNTIFS(monthly_entries!$B:$B,$A22,monthly_entries!$C:$C,$C$3,monthly_entries!$G:$G,"<>not_started")) | I22: =IF($A22="","",_xlfn.MAXIFS(monthly_entries!$E:$E,monthly_entries!$B:$B,$A22,monthly_entries!$C:$C,$C$3)) | J22: =IF(OR($A22="",$I22=0),"",INDEX(fiscal_months!$D:$D,MATCH($C$3&"|"&TEXT($I22,"00"),fiscal_months!$A:$A,0))) | K22: =IF($A22="","",IF($I22=0,"not_started",INDEX(monthly_entries!$G:$G,MATCH($A22&"__"&$J22,monthly_entries!$A:$A,0)))) | L22: =IF($A22="","",INDEX(ref_status!$B:$B,MATCH($K22,ref_status!$A:$A,0))) | M22: =IF(OR($A22="",$I22=0),"",INDEX(monthly_entries!$H:$H,MATCH($A22&"__"&$J22,monthly_entries!$A:$A,0))&"") | N22: =IF($A22="","",IF($F22="count",SUMIFS(monthly_entries!$I:$I,monthly_entries!$B:$B,$A22,monthly_entries!$C:$C,$C$3),"")) | O22: =IF($A22="","",kpi_master!J8&"") | P22: =IF($A22="","",kpi_master!L8&"") | Q22: =IF(OR($A22="",$F22<>"count",$O22=""),"",IF($P22="lte",IF($N22<=VALUE($O22),"ผ่าน","ไม่ผ่าน"),IF($N22>=VALUE($O22),"ผ่าน","ยังไม่ถึงเป้า")))
A23: =IF(kpi_master!A9="","",kpi_master!A9) | B23: =IF($A23="","",kpi_master!C9&"") | C23: =IF($A23="","",kpi_master!F9&"") | D23: =IF($A23="","",kpi_master!G9&"") | E23: =IF($A23="","",kpi_master!E9&"") | F23: =IF($A23="","",kpi_master!H9&"") | G23: =IF($A23="","",kpi_master!N9) | H23: =IF($A23="","",COUNTIFS(monthly_entries!$B:$B,$A23,monthly_entries!$C:$C,$C$3,monthly_entries!$G:$G,"<>not_started")) | I23: =IF($A23="","",_xlfn.MAXIFS(monthly_entries!$E:$E,monthly_entries!$B:$B,$A23,monthly_entries!$C:$C,$C$3)) | J23: =IF(OR($A23="",$I23=0),"",INDEX(fiscal_months!$D:$D,MATCH($C$3&"|"&TEXT($I23,"00"),fiscal_months!$A:$A,0))) | K23: =IF($A23="","",IF($I23=0,"not_started",INDEX(monthly_entries!$G:$G,MATCH($A23&"__"&$J23,monthly_entries!$A:$A,0)))) | L23: =IF($A23="","",INDEX(ref_status!$B:$B,MATCH($K23,ref_status!$A:$A,0))) | M23: =IF(OR($A23="",$I23=0),"",INDEX(monthly_entries!$H:$H,MATCH($A23&"__"&$J23,monthly_entries!$A:$A,0))&"") | N23: =IF($A23="","",IF($F23="count",SUMIFS(monthly_entries!$I:$I,monthly_entries!$B:$B,$A23,monthly_entries!$C:$C,$C$3),"")) | O23: =IF($A23="","",kpi_master!J9&"") | P23: =IF($A23="","",kpi_master!L9&"") | Q23: =IF(OR($A23="",$F23<>"count",$O23=""),"",IF($P23="lte",IF($N23<=VALUE($O23),"ผ่าน","ไม่ผ่าน"),IF($N23>=VALUE($O23),"ผ่าน","ยังไม่ถึงเป้า")))
A24: =IF(kpi_master!A10="","",kpi_master!A10) | B24: =IF($A24="","",kpi_master!C10&"") | C24: =IF($A24="","",kpi_master!F10&"") | D24: =IF($A24="","",kpi_master!G10&"") | E24: =IF($A24="","",kpi_master!E10&"") | F24: =IF($A24="","",kpi_master!H10&"") | G24: =IF($A24="","",kpi_master!N10) | H24: =IF($A24="","",COUNTIFS(monthly_entries!$B:$B,$A24,monthly_entries!$C:$C,$C$3,monthly_entries!$G:$G,"<>not_started")) | I24: =IF($A24="","",_xlfn.MAXIFS(monthly_entries!$E:$E,monthly_entries!$B:$B,$A24,monthly_entries!$C:$C,$C$3)) | J24: =IF(OR($A24="",$I24=0),"",INDEX(fiscal_months!$D:$D,MATCH($C$3&"|"&TEXT($I24,"00"),fiscal_months!$A:$A,0))) | K24: =IF($A24="","",IF($I24=0,"not_started",INDEX(monthly_entries!$G:$G,MATCH($A24&"__"&$J24,monthly_entries!$A:$A,0)))) | L24: =IF($A24="","",INDEX(ref_status!$B:$B,MATCH($K24,ref_status!$A:$A,0))) | M24: =IF(OR($A24="",$I24=0),"",INDEX(monthly_entries!$H:$H,MATCH($A24&"__"&$J24,monthly_entries!$A:$A,0))&"") | N24: =IF($A24="","",IF($F24="count",SUMIFS(monthly_entries!$I:$I,monthly_entries!$B:$B,$A24,monthly_entries!$C:$C,$C$3),"")) | O24: =IF($A24="","",kpi_master!J10&"") | P24: =IF($A24="","",kpi_master!L10&"") | Q24: =IF(OR($A24="",$F24<>"count",$O24=""),"",IF($P24="lte",IF($N24<=VALUE($O24),"ผ่าน","ไม่ผ่าน"),IF($N24>=VALUE($O24),"ผ่าน","ยังไม่ถึงเป้า")))
A25: =IF(kpi_master!A11="","",kpi_master!A11) | B25: =IF($A25="","",kpi_master!C11&"") | C25: =IF($A25="","",kpi_master!F11&"") | D25: =IF($A25="","",kpi_master!G11&"") | E25: =IF($A25="","",kpi_master!E11&"") | F25: =IF($A25="","",kpi_master!H11&"") | G25: =IF($A25="","",kpi_master!N11) | H25: =IF($A25="","",COUNTIFS(monthly_entries!$B:$B,$A25,monthly_entries!$C:$C,$C$3,monthly_entries!$G:$G,"<>not_started")) | I25: =IF($A25="","",_xlfn.MAXIFS(monthly_entries!$E:$E,monthly_entries!$B:$B,$A25,monthly_entries!$C:$C,$C$3)) | J25: =IF(OR($A25="",$I25=0),"",INDEX(fiscal_months!$D:$D,MATCH($C$3&"|"&TEXT($I25,"00"),fiscal_months!$A:$A,0))) | K25: =IF($A25="","",IF($I25=0,"not_started",INDEX(monthly_entries!$G:$G,MATCH($A25&"__"&$J25,monthly_entries!$A:$A,0)))) | L25: =IF($A25="","",INDEX(ref_status!$B:$B,MATCH($K25,ref_status!$A:$A,0))) | M25: =IF(OR($A25="",$I25=0),"",INDEX(monthly_entries!$H:$H,MATCH($A25&"__"&$J25,monthly_entries!$A:$A,0))&"") | N25: =IF($A25="","",IF($F25="count",SUMIFS(monthly_entries!$I:$I,monthly_entries!$B:$B,$A25,monthly_entries!$C:$C,$C$3),"")) | O25: =IF($A25="","",kpi_master!J11&"") | P25: =IF($A25="","",kpi_master!L11&"") | Q25: =IF(OR($A25="",$F25<>"count",$O25=""),"",IF($P25="lte",IF($N25<=VALUE($O25),"ผ่าน","ไม่ผ่าน"),IF($N25>=VALUE($O25),"ผ่าน","ยังไม่ถึงเป้า")))
A26: =IF(kpi_master!A12="","",kpi_master!A12) | B26: =IF($A26="","",kpi_master!C12&"") | C26: =IF($A26="","",kpi_master!F12&"") | D26: =IF($A26="","",kpi_master!G12&"") | E26: =IF($A26="","",kpi_master!E12&"") | F26: =IF($A26="","",kpi_master!H12&"") | G26: =IF($A26="","",kpi_master!N12) | H26: =IF($A26="","",COUNTIFS(monthly_entries!$B:$B,$A26,monthly_entries!$C:$C,$C$3,monthly_entries!$G:$G,"<>not_started")) | I26: =IF($A26="","",_xlfn.MAXIFS(monthly_entries!$E:$E,monthly_entries!$B:$B,$A26,monthly_entries!$C:$C,$C$3)) | J26: =IF(OR($A26="",$I26=0),"",INDEX(fiscal_months!$D:$D,MATCH($C$3&"|"&TEXT($I26,"00"),fiscal_months!$A:$A,0))) | K26: =IF($A26="","",IF($I26=0,"not_started",INDEX(monthly_entries!$G:$G,MATCH($A26&"__"&$J26,monthly_entries!$A:$A,0)))) | L26: =IF($A26="","",INDEX(ref_status!$B:$B,MATCH($K26,ref_status!$A:$A,0))) | M26: =IF(OR($A26="",$I26=0),"",INDEX(monthly_entries!$H:$H,MATCH($A26&"__"&$J26,monthly_entries!$A:$A,0))&"") | N26: =IF($A26="","",IF($F26="count",SUMIFS(monthly_entries!$I:$I,monthly_entries!$B:$B,$A26,monthly_entries!$C:$C,$C$3),"")) | O26: =IF($A26="","",kpi_master!J12&"") | P26: =IF($A26="","",kpi_master!L12&"") | Q26: =IF(OR($A26="",$F26<>"count",$O26=""),"",IF($P26="lte",IF($N26<=VALUE($O26),"ผ่าน","ไม่ผ่าน"),IF($N26>=VALUE($O26),"ผ่าน","ยังไม่ถึงเป้า")))
A27: =IF(kpi_master!A13="","",kpi_master!A13) | B27: =IF($A27="","",kpi_master!C13&"") | C27: =IF($A27="","",kpi_master!F13&"") | D27: =IF($A27="","",kpi_master!G13&"") | E27: =IF($A27="","",kpi_master!E13&"") | F27: =IF($A27="","",kpi_master!H13&"") | G27: =IF($A27="","",kpi_master!N13) | H27: =IF($A27="","",COUNTIFS(monthly_entries!$B:$B,$A27,monthly_entries!$C:$C,$C$3,monthly_entries!$G:$G,"<>not_started")) | I27: =IF($A27="","",_xlfn.MAXIFS(monthly_entries!$E:$E,monthly_entries!$B:$B,$A27,monthly_entries!$C:$C,$C$3)) | J27: =IF(OR($A27="",$I27=0),"",INDEX(fiscal_months!$D:$D,MATCH($C$3&"|"&TEXT($I27,"00"),fiscal_months!$A:$A,0))) | K27: =IF($A27="","",IF($I27=0,"not_started",INDEX(monthly_entries!$G:$G,MATCH($A27&"__"&$J27,monthly_entries!$A:$A,0)))) | L27: =IF($A27="","",INDEX(ref_status!$B:$B,MATCH($K27,ref_status!$A:$A,0))) | M27: =IF(OR($A27="",$I27=0),"",INDEX(monthly_entries!$H:$H,MATCH($A27&"__"&$J27,monthly_entries!$A:$A,0))&"") | N27: =IF($A27="","",IF($F27="count",SUMIFS(monthly_entries!$I:$I,monthly_entries!$B:$B,$A27,monthly_entries!$C:$C,$C$3),"")) | O27: =IF($A27="","",kpi_master!J13&"") | P27: =IF($A27="","",kpi_master!L13&"") | Q27: =IF(OR($A27="",$F27<>"count",$O27=""),"",IF($P27="lte",IF($N27<=VALUE($O27),"ผ่าน","ไม่ผ่าน"),IF($N27>=VALUE($O27),"ผ่าน","ยังไม่ถึงเป้า")))
... A75: =IF(kpi_master!A61="","",kpi_master!A61) | B75: =IF($A75="","",kpi_master!C61&"") | C75: =IF($A75="","",kpi_master!F61&"") | D75: =IF($A75="","",kpi_master!G61&"") | E75: =IF($A75="","",kpi_master!E61&"") | F75: =IF($A75="","",kpi_master!H61&"") | G75: =IF($A75="","",kpi_master!N61) | H75: =IF($A75="","",COUNTIFS(monthly_entries!$B:$B,$A75,monthly_entries!$C:$C,$C$3,monthly_entries!$G:$G,"<>not_started")) | I75: =IF($A75="","",_xlfn.MAXIFS(monthly_entries!$E:$E,monthly_entries!$B:$B,$A75,monthly_entries!$C:$C,$C$3)) | J75: =IF(OR($A75="",$I75=0),"",INDEX(fiscal_months!$D:$D,MATCH($C$3&"|"&TEXT($I75,"00"),fiscal_months!$A:$A,0))) | K75: =IF($A75="","",IF($I75=0,"not_started",INDEX(monthly_entries!$G:$G,MATCH($A75&"__"&$J75,monthly_entries!$A:$A,0)))) | L75: =IF($A75="","",INDEX(ref_status!$B:$B,MATCH($K75,ref_status!$A:$A,0))) | M75: =IF(OR($A75="",$I75=0),"",INDEX(monthly_entries!$H:$H,MATCH($A75&"__"&$J75,monthly_entries!$A:$A,0))&"") | N75: =IF($A75="","",IF($F75="count",SUMIFS(monthly_entries!$I:$I,monthly_entries!$B:$B,$A75,monthly_entries!$C:$C,$C$3),"")) | O75: =IF($A75="","",kpi_master!J61&"") | P75: =IF($A75="","",kpi_master!L61&"") | Q75: =IF(OR($A75="",$F75<>"count",$O75=""),"",IF($P75="lte",IF($N75<=VALUE($O75),"ผ่าน","ไม่ผ่าน"),IF($N75>=VALUE($O75),"ผ่าน","ยังไม่ถึงเป้า")))

Sheet kpi_master
A1: kpi_id | B1: kpi_no | C1: group_code | D1: category | E1: owner_text | F1: task_name | G1: kpi_name | H1: metric_type | I1: target_text | J1: target_num | K1: target_unit | L1: target_direction | M1: activity_note | N1: is_active | O1: created_at | P1: updated_at
A2: K01 | B2: 1 | C2: dept | D2: หมวด 1 | E2: หัวหน้าแผนก | F2: จัดทำแผนแม่บทดิจิทัล (Digital Master Plan) 2568–2570 | G2: ความคืบหน้าการจัดทำแผนแม่บทฉบับสมบูรณ์ (7 บท) | H2: percent | I2: 100% | M2: ครอบคลุมประวัติความเป็นมา ข้อมูลพื้นฐาน กรอบยุทธศาสตร์ การวิเคราะห์องค์กร แผนปฏิบัติการ แผนดิจิทัล และการติดตามผล แต่ละบทรายงานความคืบหน้าเป็นร้อยละรายเดือน | N2: TRUE | O2: 2026-10-05
A3: K02 | B3: 2 | C3: dept | D3: หมวด 2, 7 | E3: โอม | F3: ทะเบียนทรัพยากรด้าน IT | G3: ร้อยละของทรัพยากร IT ที่บันทึกในทะเบียนครบถ้วน | H3: percent | I3: 100% | M3: ครอบคลุม Hardware (เทียบ SAP: ID, ชื่อ, ประเภท, ผู้ดูแล, วันที่รับเข้า, สถานที่, Spec), Network (เทียบ Location ผ่านระบบ Huawei I-Master และบันทึกใน GLPI) และ Software (ซื้อ/เช่า และพัฒนาเอง 18 ระบบ พร้อมระบุลิขสิทธิ์ของมหาวิทยาลัย) | N3: TRUE | O3: 2026-10-05
A4: K03 | B4: 3 | C4: dept | D4: หมวด 2 | E4: โอม | F4: การจัดการความเสี่ยงด้าน IT | G4: ร้อยละความสมบูรณ์ของรายงานประเมินความเสี่ยง | H4: percent | I4: 100% | M4: จัดทำรายงานประเมินความเสี่ยงด้าน IT ให้ครบทุกหัวข้อ พร้อมปกรายงานเรียบร้อย และยื่นต่อคณะกรรมการดิจิทัล / คณะกรรมการอำนวยการ HAIT ตามรอบที่กำหนด | N4: TRUE | O4: 2026-10-05
A5: K04 | B5: 4 | C5: dept | D5: หมวด 3 | E5: พี่หมื่น | F5: ความมั่นคงปลอดภัยระบบเทคโนโลยีสารสนเทศ | G5: ร้อยละรายงานประเมินผลผู้ใช้งานต่อนโยบาย/ระเบียบ | H5: percent | I5: 100% | M5: จัดทำแบบประเมินความเข้าใจของผู้ใช้งานต่อนโยบาย/ระเบียบด้านความมั่นคงปลอดภัยสารสนเทศ กรอกผลเป็นร้อยละรายเดือน เริ่มตั้งแต่เดือนมกราคมเป็นต้นไป | N5: TRUE | O5: 2026-10-05
A6: K05 | B6: 5 | C6: dept | D6: หมวด 3 | E6: พี่นก | F6: แผนรองรับเหตุฉุกเฉิน (BCP) เมื่อระบบคอมพิวเตอร์ใช้งานไม่ได้ | G6: จำนวนแผน BCP ที่จัดทำแล้วเสร็จ | H6: count | I6: >= 7 แผน | J6: 7 | K6: แผน | L6: gte | M6: จัดทำและซ้อมแผน BCP ให้ครอบคลุมหน่วยงานที่ได้รับผลกระทบ เทียบจากทั้งหมด 27 หน่วยงานในโรงพยาบาล นับจำนวนแผนที่จัดทำแล้วเสร็จและผ่านการซ้อมแผนตามกำหนด | N6: TRUE | O6: 2026-10-05
A7: K06 | B7: 6 | C7: dept | D7: หมวด 3 | E7: กลุ่มงานโครงสร้างพื้นฐานดิจิทัลทางการแพทย์ | F7: งาน Cyber Security | G7: ร้อยละ Case ระดับ High จากการโจมตีทาง Cyber ที่ลดระดับความเสี่ยงลงได้ | H7: percent | I7: 100% | M7: ครอบคลุมแนวป้องกัน (แผนต่ออายุ/จัดซื้อระบบป้องกันภัยไซเบอร์) และแนวกู้คืนเมื่อถูกโจมตี บันทึกจำนวนครั้งที่ระบบล่มจากเหตุ Cyber และติดตามจนกว่า Case ระดับ High จะลดลงเป็น Medium/Low | N7: TRUE | O7: 2026-10-05
A8: K07 | B8: 7 | C8: dept | D8: หมวด 4 | E8: รีซะห์ | F8: งานบริหารจัดการอุบัติการณ์ (Incident Management) | G8: ร้อยละเคสที่ตอบสนอง (Respond) ได้ตาม SLA | H8: percent | I8: >= 85% | L8: gte | M8: แยกตามหมวด Software และ Hardware ตามระดับ SLA ที่กำหนด (เช่น คำนวณจาก 3 หมวด อย่างละ 15 นาที) วัดจากระยะเวลาตอบสนองปัญหาและอุบัติการณ์เทียบกับข้อตกลงระดับบริการของโรงพยาบาล | N8: TRUE | O8: 2026-10-05
A9: K08 | B9: 8 | C9: dept | D9: หมวด 4 | E9: ทีมงาน IT | F9: ความพึงพอใจต่อการให้บริการของแผนก IT | G9: ร้อยละความพึงพอใจเฉลี่ย (ตามใบงานและระบบ) | H9: percent | I9: >= 90% | L9: gte | M9: รายงานแยกความพึงพอใจตามใบงาน (การดูแล/บริการ) และความพึงพอใจต่อการใช้งานระบบ พร้อมสรุปค่าเฉลี่ยรวม และแจกเป็น KPI รายบุคคลด้วย | N9: TRUE | O9: 2026-10-05
A10: K09 | B10: 9 | C10: dept | E10: หมื่น, รีซะห์, พี่นก, พี่ก้อย | F10: งานดูแลระบบ WU-HIS ให้พร้อมใช้งาน | G10: จำนวนครั้งที่ระบบล่มและมีการประกาศ Code IT | H10: count | I10: <= 2 ครั้ง | J10: 2 | K10: ครั้ง | L10: lte | M10: นับเฉพาะกรณี Code IT ที่นานกว่า 30 นาที และกระทบทุกจุดบริการ (ไม่นับกรณีที่เกิดจากไฟฟ้าดับ) ทีมร่วมรับผิดชอบดูแลให้ระบบ WU-HIS พร้อมใช้งานตลอดปี | N10: TRUE | O10: 2026-10-05
A11: K10 | B11: 10 | C11: dept | D11: หมวด 5 | E11: พี่ก้อย | F11: งานพัฒนาโปรแกรมสนับสนุนการส่งเบิก | G11: ร้อยละความสำเร็จในการพัฒนาโปรแกรมเพื่อการส่งเบิก | H11: percent | I11: 100% | M11: เทียบกับโครงการที่มีข้อมูลครบถ้วนตามเกณฑ์ (มีทั้งหมด 5 โครงการ นับเฉพาะโครงการที่ได้รับข้อมูลครบพร้อมพัฒนา) | N11: TRUE | O11: 2026-10-05
A12: K11 | B12: 11 | C12: dept | D12: หมวด 5 | E12: พี่ก้อย | F12: งานตรวจสอบความสมบูรณ์เวชระเบียน | G12: จำนวนรายงานการตรวจสอบความสมบูรณ์ของเวชระเบียน | H12: count | I12: >= 2 ฉบับ | J12: 2 | K12: ฉบับ | L12: gte | M12: จัดทำและออกรายงานผลการตรวจสอบความสมบูรณ์ของการบันทึกเวชระเบียนอย่างน้อยปีละ 2 ครั้ง เสนอผู้เกี่ยวข้องเพื่อปรับปรุงคุณภาพการบันทึก | N12: TRUE | O12: 2026-10-05
A13: K12 | B13: 11 | C13: dept | D13: หมวด 6 | E13: ทีมพัฒนาระบบ | F13: งานแก้ไข BUG ระบบที่พัฒนาเอง (ระดับด่วนมาก) | G13: ร้อยละความสำเร็จในการแก้ไข BUG ระดับด่วนมากทุกระบบ | H13: percent | I13: 100% | M13: นับเฉพาะเคสที่แจ้งผ่านระบบแจ้งซ่อม ระดับความเร่งด่วน 'ด่วนมาก' ของทุกระบบที่พัฒนาเอง ติดตามจนปิดงานได้ครบทุกเคส | N13: TRUE | O13: 2026-10-05
A14: K13 | B14: 12 | C14: dept | D14: หมวด 6 | E14: ทีมพัฒนาระบบ | F14: งานพัฒนาระบบ WU-HIS | G14: จำนวนโมดูลของระบบ WU-HIS ที่ Go Live | H14: count | I14: >= 6 โมดูล | J14: 6 | K14: โมดูล | L14: gte | M14: รวมงาน MA ที่ผลักดันเป็นระบบใหม่ได้ ระบุขนาดงานเป็นเล็ก/กลาง/ใหญ่ พร้อมประมาณการ man-day และระยะเวลาพัฒนา (1 เดือน / 3 เดือน / มากกว่า 3 เดือน) ต่อโมดูล | N14: TRUE | O14: 2026-10-05
A15: K14 | B15: 13 | C15: dept | D15: หมวด 6 | E15: โอม (กลุ่มงานนวัตกรรม) | F15: งาน Mobile App WUH CARE และ WUH APP | G15: จำนวนฟังก์ชันบริการผู้ป่วยที่ Go Live | H15: count | I15: >= 5 ฟังก์ชัน | J15: 5 | K15: ฟังก์ชัน | L15: gte | M15: พัฒนาและเปิดใช้งานฟังก์ชันบริการผู้ป่วยใหม่บนแอปพลิเคชัน WUH CARE และ WUH APP เช่น นัดหมายออนไลน์ ดูผลตรวจ และชำระเงิน | N15: TRUE | O15: 2026-10-05
A16: K15 | B16: 14 | C16: dept | D16: หมวด 6 | E16: ทีมพัฒนาระบบ | F16: งานพัฒนาระบบสนับสนุนการบริหารจัดการโรงพยาบาล | G16: จำนวนโมดูลสนับสนุนการบริหารจัดการที่ Go Live | H16: count | I16: >= 2 โมดูล | J16: 2 | K16: โมดูล | L16: gte | M16: พัฒนาโมดูลสนับสนุนงานบริหารจัดการภายในโรงพยาบาล เช่น งานบุคคล งานพัสดุ งานการเงิน ให้พร้อมใช้งานจริง | N16: TRUE | O16: 2026-10-05
A17: K16 | B17: 15 | C17: dept | D17: หมวด 7 | E17: กลุ่มงานโครงสร้างพื้นฐานดิจิทัลทางการแพทย์ | F17: วิเคราะห์ Gap การใช้ทรัพยากร IT และทะเบียนครุภัณฑ์คอมพิวเตอร์ | G17: จำนวนรายงานการวิเคราะห์ Gap การใช้ทรัพยากร IT | H17: count | I17: 5 ฉบับ | J17: 5 | K17: ฉบับ | L17: gte | M17: วิเคราะห์ช่องว่าง (Gap) การใช้ทรัพยากร IT ทุกด้าน ทั้งรายเดือนและสะสม ต้องรอทะเบียนทรัพยากร (หมวด 2) แล้วเสร็จก่อนจึงวิเคราะห์ต่อได้ | N17: TRUE | O17: 2026-10-05
A18: K17 | B18: 16 | C18: dept | E18: ทีมงาน IT | F18: งานธรรมาภิบาลข้อมูลสุขภาพ (Data Governance) | G18: จำนวนชุดข้อมูลที่จัดทำ Data Catalog | H18: count | I18: >= 8 ชุด | J18: 8 | K18: ชุด | L18: gte | M18: นำร่องจัดทำ Data Catalog เริ่มต้นที่ข้อมูล Hospital Profile และชุดข้อมูลที่ใช้บ่อย เพื่อวางรากฐานธรรมาภิบาลข้อมูลสุขภาพของโรงพยาบาล | N18: TRUE | O18: 2026-10-05
A19: K18 | B19: 1 | C19: individual | E19: ทีมงาน IT | F19: งานประยุกต์ใช้ AI | H19: other | I19: - | M19: อยู่ระหว่างกำหนดตัวชี้วัดที่ชัดเจนสำหรับงานประยุกต์ใช้ AI ในการทำงานของแผนก | N19: TRUE | O19: 2026-10-05
A20: K19 | B20: 2 | C20: individual | E20: พี่หมื่น | F20: ความมั่นคงปลอดภัยระบบเทคโนโลยีสารสนเทศ (รายบุคคล) | G20: ร้อยละการปรับปรุงนโยบาย/ระเบียบปฏิบัติให้ทันสมัย | H20: percent | I20: 100% | M20: ทบทวนและปรับปรุงนโยบาย/ระเบียบปฏิบัติด้านความมั่นคงปลอดภัยสารสนเทศให้ครบทุกฉบับและทันสมัย | N20: TRUE | O20: 2026-10-05
A21: K20 | B21: 3 | C21: individual | E21: พี่หมื่น | F21: แผนกู้คืนระบบ (DRP) | G21: ระยะเวลาการกู้คืนข้อมูลจาก Backup (RTO) | H21: other | I21: ตาม RTO ที่กำหนด | M21: นับระยะเวลาจากเวลาเกิดเหตุถึงระบบ HIS กลับมาใช้งานได้ตามปกติ เทียบกับระยะเวลาเป้าหมาย (RTO) ที่กำหนดไว้ | N21: TRUE | O21: 2026-10-05
A22: K21 | B22: 4 | C22: individual | E22: Clinical HIS / Patient MIS / นวัตกรรม | F22: งานพัฒนาคุณภาพสถานพยาบาลด้าน IT (CQI) | G22: จำนวนผลงาน CQI ที่ส่งเข้าโครงการ HA | H22: count | I22: >= 3 ผลงาน | J22: 3 | K22: ผลงาน | L22: gte | M22: จัดทำผลงาน CQI เพื่อปรับปรุงประสิทธิภาพ (Performance) ของระบบด้าน IT และส่งเข้าโครงการ HA กำหนดส่งภายในเดือนพฤศจิกายน | N22: TRUE | O22: 2026-10-05
A23: K22 | B23: 5 | C23: individual | E23: กลุ่มงานโครงสร้างพื้นฐานดิจิทัลทางการแพทย์ | F23: งานดูแลบำรุงรักษาคอมพิวเตอร์ อุปกรณ์ต่อพ่วง Data Center และตู้เครือข่าย | G23: ร้อยละการดำเนินงานตามแผนบำรุงรักษา | H23: percent | I23: 100% | M23: ครอบคลุมคอมพิวเตอร์ อุปกรณ์ต่อพ่วง ห้อง Data Center และตู้เครือข่ายย่อยทุกจุดบริการ ตามรอบแผนบำรุงรักษาเชิงป้องกัน (PM) พร้อมติดตามอัตราการเสียซ้ำของอุปกรณ์ | N23: TRUE | O23: 2026-10-05
A24: K23 | B24: 6 | C24: individual | E24: ทีมงาน IT | F24: งานพัฒนาระบบเชิงนวัตกรรม | H24: other | I24: - | M24: อยู่ระหว่างกำหนดตัวชี้วัดที่ชัดเจนสำหรับงานพัฒนาระบบเชิงนวัตกรรมของแผนก | N24: TRUE | O24: 2026-10-05
A25: K24 | B25: 7 | C25: individual | E25: ทีมงาน WUDA | F25: งาน WUH Data-driven (WUDA) | G25: จำนวนเรื่องที่นำเสนอบนระบบ WUDA | H25: count | I25: >= 5 เรื่อง | J25: 5 | K25: เรื่อง | L25: gte | M25: ครอบคลุมผู้รับบริการ เตียง/การครองเตียง สถานะการเงิน อัตรากำลัง และ KPI ยุทธศาสตร์ มวล. ที่โรงพยาบาลรับผิดชอบ นำเสนอเป็นแดชบอร์ดข้อมูลบนระบบ WUDA | N25: TRUE | O25: 2026-10-05
A26: K25 | B26: 8 | C26: individual | E26: รีซะห์ (ทีม Tester) | F26: คุณภาพซอฟต์แวร์ที่พัฒนา | G26: ร้อยละการเกิด Defect ต่อจำนวนครั้งที่ Deploy | H26: percent | I26: <= 10% | L26: lte | M26: วัดจากทีม Tester 4 คน คำนวณสัดส่วนจำนวนครั้งที่เกิด Defect หลัง Deploy เทียบกับจำนวนครั้งที่ Deploy ทั้งหมดของทีม | N26: TRUE | O26: 2026-10-05
A27: K26 | B27: 16 | C27: individual | E27: ทีมงาน IT | F27: KPI เกี่ยวกับ SLA (Hardware, Software, โทรศัพท์, แอปพลิเคชัน) | H27: other | I27: - | M27: เช่น ระยะเวลาการแก้ปัญหาเมื่อระบบขัดข้อง หรืออินเทอร์เน็ตใช้งานไม่ได้ อยู่ระหว่างกำหนดตัวชี้วัดและเกณฑ์ SLA ที่ชัดเจน | N27: TRUE | O27: 2026-10-05
A28: K27 | B28: WU-4-1-8 | C28: agenda | E28: หัวหน้าแผนก | F28: ความพร้อมยื่นตรวจรับรองคุณภาพระบบเทคโนโลยีสารสนเทศ (HAIT) | G28: ระดับความพร้อมตาม KPIs / OKRs ของมหาวิทยาลัย | H28: count | I28: 1 (ผ่านการรับรอง) | J28: 1 | L28: gte | M28: อ้างอิงกรอบ KPI/OKRs ของมหาวิทยาลัย (มติสภามหาวิทยาลัยอนุมัติ 14.12.67) ใช้ประกอบการยื่นตรวจประเมินคุณภาพระบบเทคโนโลยีสารสนเทศของโรงพยาบาล (HAIT) | N28: TRUE | O28: 2026-10-05

Sheet kpi_owners
A1: kpi_id | B1: owner_name
A2: K01 | B2: หัวหน้าแผนก
A3: K02 | B3: โอม
A4: K03 | B4: โอม
A5: K04 | B5: พี่หมื่น
A6: K05 | B6: พี่นก
A7: K06 | B7: กลุ่มงานโครงสร้างพื้นฐานดิจิทัลทางการแพทย์
A8: K07 | B8: รีซะห์
A9: K08 | B9: ทีมงาน IT
A10: K09 | B10: หมื่น
A11: K09 | B11: รีซะห์
A12: K09 | B12: พี่นก
... A31: K27 | B31: หัวหน้าแผนก

Sheet monthly_entries
A1: entry_id | B1: kpi_id | C1: fiscal_year | D1: month_key | E1: fiscal_month_no | F1: quarter | G1: status_code | H1: actual_value | I1: count_value | J1: activity_detail | K1: note | L1: updated_by | M1: updated_at
A2: K07__2026-09 | B2: K07 | C2: 2569 | D2: 2026-09 | E2: 12 | F2: 4 | G2: done | H2: 88% | J2: ตอบสนองตาม SLA 412 จาก 468 เคส | K2: แถวตัวอย่าง ลบได้ | L2: รุ้ง | M2: 2026-10-05 09:00

Sheet fiscal_months
A1: fm_key | B1: fiscal_year | C1: fiscal_month_no | D1: month_key | E1: month_label | F1: quarter | G1: quarter_label | H1: month_start
A2: 2569|01 | B2: 2569 | C2: 1 | D2: 2025-10 | E2: ต.ค. 68 | F2: 1 | G2: Q1 (ต.ค.–ธ.ค.) | H2: 45931
A3: 2569|02 | B3: 2569 | C3: 2 | D3: 2025-11 | E3: พ.ย. 68 | F3: 1 | G3: Q1 (ต.ค.–ธ.ค.) | H3: 45962
A4: 2569|03 | B4: 2569 | C4: 3 | D4: 2025-12 | E4: ธ.ค. 68 | F4: 1 | G4: Q1 (ต.ค.–ธ.ค.) | H4: 45992
A5: 2569|04 | B5: 2569 | C5: 4 | D5: 2026-01 | E5: ม.ค. 69 | F5: 2 | G5: Q2 (ม.ค.–มี.ค.) | H5: 46023
A6: 2569|05 | B6: 2569 | C6: 5 | D6: 2026-02 | E6: ก.พ. 69 | F6: 2 | G6: Q2 (ม.ค.–มี.ค.) | H6: 46054
A7: 2569|06 | B7: 2569 | C7: 6 | D7: 2026-03 | E7: มี.ค. 69 | F7: 2 | G7: Q2 (ม.ค.–มี.ค.) | H7: 46082
A8: 2569|07 | B8: 2569 | C8: 7 | D8: 2026-04 | E8: เม.ย. 69 | F8: 3 | G8: Q3 (เม.ย.–มิ.ย.) | H8: 46113
A9: 2569|08 | B9: 2569 | C9: 8 | D9: 2026-05 | E9: พ.ค. 69 | F9: 3 | G9: Q3 (เม.ย.–มิ.ย.) | H9: 46143
A10: 2569|09 | B10: 2569 | C10: 9 | D10: 2026-06 | E10: มิ.ย. 69 | F10: 3 | G10: Q3 (เม.ย.–มิ.ย.) | H10: 46174
A11: 2569|10 | B11: 2569 | C11: 10 | D11: 2026-07 | E11: ก.ค. 69 | F11: 4 | G11: Q4 (ก.ค.–ก.ย.) | H11: 46204
A12: 2569|11 | B12: 2569 | C12: 11 | D12: 2026-08 | E12: ส.ค. 69 | F12: 4 | G12: Q4 (ก.ค.–ก.ย.) | H12: 46235
A13: 2569|12 | B13: 2569 | C13: 12 | D13: 2026-09 | E13: ก.ย. 69 | F13: 4 | G13: Q4 (ก.ค.–ก.ย.) | H13: 46266
... A25: 2570|12 | B25: 2570 | C25: 12 | D25: 2027-09 | E25: ก.ย. 70 | F25: 4 | G25: Q4 (ก.ค.–ก.ย.) | H25: 46631

Sheet ref_group
A1: group_code | B1: group_label | C1: sort_order
A2: dept | B2: ส่วนที่ 1 · ภาพรวมแผนก (Function Base) | C2: 1
A3: individual | B3: ส่วนที่ 1 · KPI รายบุคคล | C3: 2
A4: agenda | B4: ส่วนที่ 2 · Agenda Base | C4: 3

Sheet ref_status
A1: status_code | B1: status_label | C1: color_hex | D1: sort_order
A2: not_started | B2: ยังไม่รายงาน | C2: #8991A3 | D2: 1
A3: in_progress | B3: กำลังดำเนินการ | C3: #C07600 | D3: 2
A4: done | B4: เสร็จสมบูรณ์ | C4: #0CA30C | D4: 3
A5: delayed | B5: ล่าช้า / ติดปัญหา | C5: #C22F2F | D5: 4

Sheet ref_metric_type
A1: metric_type | B1: metric_label | C1: how_to_record
A2: percent | B2: ร้อยละ (%) | C2: กรอกค่าที่ทำได้จริงใน actual_value เช่น 92%
A3: count | B3: จำนวน (นับสะสมตามปีงบประมาณ) | C3: กรอกจำนวนของเดือนนั้นใน count_value ระบบรวมยอดสะสมให้ในแท็บ summary
A4: other | B4: อื่นๆ / ข้อความอิสระ | C4: กรอกผลเป็นข้อความใน actual_value

Sheet ref_target_direction
A1: target_direction | B1: direction_label
A2: gte | B2: อย่างน้อย (ยิ่งมากยิ่งดี)
A3: lte | B3: ไม่เกิน (ยิ่งน้อยยิ่งดี)

Sheet data_dictionary
A1: table_name | B1: column_name | C1: data_type | D1: description | E1: example | F1: required
A2: kpi_master | B2: kpi_id | C2: ข้อความ | D2: รหัส KPI ไม่ซ้ำ (Primary Key) ตัวใหม่ให้ต่อเลข เช่น K28 | E2: K07 | F2: ใช่
A3: kpi_master | B3: kpi_no | C3: ข้อความ | D3: ลำดับที่แสดงในแผน (เป็นข้อความเพราะ Agenda ใช้รหัสอย่าง WU-4-1-8) | E3: 7 | F3: ใช่
A4: kpi_master | B4: group_code | C4: ข้อความ | D4: ส่วนของ KPI อ้างอิง ref_group | E4: dept | F4: ใช่
A5: kpi_master | B5: category | C5: ข้อความ | D5: หมวดตามแผน (ถ้ามี) | E5: หมวด 4 | F5: ไม่
A6: kpi_master | B6: owner_text | C6: ข้อความ | D6: ผู้รับผิดชอบตามที่แสดง คั่นหลายคนด้วยจุลภาค และต้องเพิ่มใน kpi_owners ด้วย | E6: รีซะห์ | F6: ใช่
A7: kpi_master | B7: task_name | C7: ข้อความ | D7: ชื่องาน / ภาระงาน | E7: งานบริหารจัดการอุบัติการณ์ | F7: ใช่
A8: kpi_master | B8: kpi_name | C8: ข้อความ | D8: ตัวชี้วัด เว้นว่างได้ถ้ายังไม่กำหนด (จะไม่ถูกนับในช่องที่ต้องรายงาน) | E8: ร้อยละเคสที่ตอบสนองได้ตาม SLA | F8: ไม่
A9: kpi_master | B9: metric_type | C9: ข้อความ | D9: ประเภทตัวชี้วัด อ้างอิง ref_metric_type | E9: percent | F9: ใช่
A10: kpi_master | B10: target_text | C10: ข้อความ | D10: เป้าหมายแบบข้อความสำหรับแสดงผล | E10: >= 85% | F10: ใช่
A11: kpi_master | B11: target_num | C11: ตัวเลข | D11: เป้าหมายเป็นตัวเลข ใช้เฉพาะ metric_type = count | E11: 7 | F11: เฉพาะ count
A12: kpi_master | B12: target_unit | C12: ข้อความ | D12: หน่วยนับ | E12: แผน | F12: ไม่
A13: kpi_master | B13: target_direction | C13: ข้อความ | D13: gte = อย่างน้อย, lte = ไม่เกิน อ้างอิง ref_target_direction | E13: gte | F13: เฉพาะ count
A14: kpi_master | B14: activity_note | C14: ข้อความ | D14: รายละเอียด / ขอบเขตกิจกรรม | F14: ไม่
A15: kpi_master | B15: is_active | C15: TRUE/FALSE | D15: FALSE = เลิกใช้ (แทนการลบแถว เพื่อเก็บประวัติผลรายเดือนไว้) | E15: TRUE | F15: ใช่
A16: kpi_master | B16: created_at / updated_at | C16: วันที่ข้อความ | D16: วันที่สร้าง / แก้ไขล่าสุด รูปแบบ YYYY-MM-DD | E16: 2026-10-05 | F16: ไม่
A17: kpi_owners | B17: kpi_id | C17: ข้อความ | D17: อ้างอิง kpi_master.kpi_id (Foreign Key) | E17: K09 | F17: ใช่
A18: kpi_owners | B18: owner_name | C18: ข้อความ | D18: ชื่อผู้รับผิดชอบ 1 คนต่อแถว | E18: พี่ก้อย | F18: ใช่
A19: monthly_entries | B19: entry_id | C19: ข้อความ | D19: คีย์หลัก = kpi_id__month_key (1 KPI ต่อ 1 เดือนมีได้แถวเดียว) | E19: K07__2026-09 | F19: ใช่
A20: monthly_entries | B20: kpi_id | C20: ข้อความ | D20: อ้างอิง kpi_master.kpi_id | E20: K07 | F20: ใช่
A21: monthly_entries | B21: fiscal_year | C21: ตัวเลข | D21: ปีงบประมาณ พ.ศ. | E21: 2569 | F21: ใช่
A22: monthly_entries | B22: month_key | C22: ข้อความ | D22: เดือนแบบ ค.ศ. YYYY-MM อ้างอิง fiscal_months | E22: 2026-09 | F22: ใช่
A23: monthly_entries | B23: fiscal_month_no | C23: ตัวเลข | D23: ลำดับเดือนในปีงบประมาณ ต.ค. = 1 ถึง ก.ย. = 12 (ดูจาก fiscal_months) | E23: 12 | F23: ใช่
A24: monthly_entries | B24: quarter | C24: ตัวเลข | D24: ไตรมาส 1-4 | E24: 4 | F24: ใช่
A25: monthly_entries | B25: status_code | C25: ข้อความ | D25: สถานะ อ้างอิง ref_status | E25: done | F25: ใช่
A26: monthly_entries | B26: actual_value | C26: ข้อความ | D26: ค่าที่ทำได้จริง สำหรับ percent / other | E26: 88% | F26: ไม่
A27: monthly_entries | B27: count_value | C27: ตัวเลข | D27: จำนวนของเดือนนั้น สำหรับ count (ไม่ใช่ยอดสะสม) | E27: 1 | F27: ไม่
A28: monthly_entries | B28: activity_detail | C28: ข้อความ | D28: รายละเอียดกิจกรรมที่ทำในเดือนนี้ | F28: ไม่
A29: monthly_entries | B29: note | C29: ข้อความ | D29: หมายเหตุเพิ่มเติม | F29: ไม่
A30: monthly_entries | B30: updated_by | C30: ข้อความ | D30: ผู้บันทึก | E30: รุ้ง | F30: ใช่
A31: monthly_entries | B31: updated_at | C31: วันเวลาข้อความ | D31: เวลาที่บันทึก YYYY-MM-DD HH:MM | E31: 2026-10-05 09:00 | F31: ใช่
A32: fiscal_months | B32: fm_key | C32: ข้อความ | D32: คีย์ = fiscal_year|ลำดับเดือน 2 หลัก | E32: 2569|12 | F32: ใช่
A33: fiscal_months | B33: month_key / month_label / quarter | C33: ข้อความ/ตัวเลข | D33: ปฏิทินปีงบประมาณ เริ่ม 1 ต.ค. ถึง 30 ก.ย. | E33: 2026-09 / ก.ย. 69 / 4 | F33: ใช่
